Search Engine,Total Energy (Joules)
Google,702.7908601760864
Bing,629.7418098449707
DuckDuckGo,422.97102069854736
Brave Search,396.1488838195801
Ecosia,577.0361757278442
OceanHero,1051.4837245941162
Qwant,401.26981925964355
Swisscows,442.50918197631836
Mojeek,334.5819616317749
You.com,486.2810640335083
